#,Category: Broad classification of the technology or solution,Technology: Specific technology or innovation within the category,"Functionality: The purpose or role of the technology, describing what it does or how it contributes to the system.",Description,"Industrial TRL: The maturity level of the technology, based on the TRL scale (1-9).","Industrial TRL Range: The maturity level of the technology, based on the TRL scale (1-9).",Comments on why it is assigned as such for the Industry TRL (incl. References),"Shell TRL: The maturity level of the technology, based on the TRL scale (1-9).",Comments on why it is assigned as such for the Shell TRL,Shell working on it?,"Describe the current state of the technology, its capabilities, limitations, and relevance to the organization.",Use cases ,Technology Maturation Plan in Place?,Natural Team member,Technology Strategy
87,Edge Computing,Edge Infrastructure and management,"Infrastructure & Management - Orchestration, Life Cycle Management, Edge Security, Edge Virtualization, containerization","An industrial edge platform provides a unified and secure environment to manage distributed edge computing system across the Shell assets. The platform supports device lifecycle management, application deployment, real-time monitoring across assets sites and ensure scalability and interoperability with IT/OT systems. The platform integrates Edge Orchestration, and LifeCycle management to automate provisioning, workload scheduling, AI model management, and over the air updates for applications and AI models. Edge computing virtualization and containerization technologies like eve-os, KVM etc, while containerization provide the isolated execution of AI/ML models close to the data source. Edge Security ensuring encryption, access control and regulatory compliance. In addition, platform will provide low latency AI inference, continous model updates or periodic model updates and autonomous decision makign at the edge, this reduce the dependency on cloud computing infrastructure ","8 - Actual system completed and qualified through test and demonstration – Technology is proven to work in its final form and under expected conditions. (Business go-live, IDT Portfolio Managed)",8 average,"The Industrial Edge Platforms are matured and Azure, AWS, Zededa, Siemens, Yokogawa are providing the production level offerings, in addition these platforms are used in automative companies hence the technology readiness is at production level",5 - Component and/or breadboard validation in relevant environment – More advanced testing in environments that simulate real-world conditions. (Proof of Concept with synthetic data),"Platform like IoTech, Dell and Zededa are being validated for suitability, scalability. While Azure IoT/Edge is being used for onboarding IIoT sensors and Gateways. Present adapata ",Yes,Current State of the technology & capabilities,"The Industrial Edge Platform is not a direct problem-solving layer but a foundational orchestration and management framework that enables scalable deployment of edge computing and AI solutions across Shell assets. It provides the infrastructure, security, lifecycle management, and data governance needed to operationalize and maintain distributed edge environments.",,,Ride the wave
,,,,,,8–9 (general),,,,,IRMS – IIoT Remote Monitoring Services,"As edge workloads (AI models, analytics, control logic) expand across wells, terminals, and refineries, the platform becomes critical for standardization, reliability, and centralized control of the entire edge ecosystem.",,,
,,,,,,"7–8 (Azure IoT Edge, AWS IoT GreenGrass, Zededa, Siemens, Yokogawa)",,,,,"• Sensor onboarding and configuration management, including integration of LoRa, zigbee, serial devices",Edge Device & Application Lifecycle Management,,,
,,,,,,,,,,,"• Edge gateway lifecycle management (deployment, registration, and monitoring).","Manages the complete lifecycle of on-premises edge gateways and devices from a centralized cloud-based industrial edge platform, covering onboarding, configuration, security, authentication, and upgrades. Provides unified visibility and telemetry for all edge assets, ensuring real-time monitoring of system health, connectivity, and compliance.",,,
,,,,,,,,,,,OpenX / IoTech / Zededa,"Enables containerized application deployment, versioning, and performance tracking across distributed sites, ensuring consistent, secure, and governed edge operations enterprise-wide.",,,
,,,,,,,,,,,"• Containerized application hosting for data acquisition, and publishing to cloud systems",IT/OT Convergence Layer,,,
,,,,,,,,,,,"• Connectivity and protocol translation, enabling data flow between field sensors and cloud endpoints.","Acts as the integration bridge between OT systems (PLCs, SCADA, DCS) and enterprise IT environments. It provides the runtime, different data connectors, that allows edge computing nodes to ingest data from PLCs, SCADA, DCS system, it also standardizes data exchange and contextualization using industrial protocols (OPC-UA, Modbus, MQTT), enabling real-time, secure, and interoperable data flow between OT and cloud-based analytics or control systems.",,,
,,,,,,,,,,,"• Lab testing of the visual & timeseries data ingestion, data contextualization and publishing to the cloud environment for analytics",Edge Security & Governance,,,
,,,,,,,,,,,Limitations,"Implements a zero-trust security model across all edge devices, managing authentication, encryption, and access policies from a central control plane.",,,
,,,,,,,,,,,• Limited integration with real-world operational systems (OT/SCADA/DCS) — deployment not yet at production scale.,"Enforces role-based access control (RBAC), audit trails, and compliance with organizational cybersecurity and data governance policies to protect distributed industrial assets.",,,
,,,,,,,,,,,"• AI/analytics workloads not fully utilized at the edge (e.g., model inference, anomaly detection).",Edge Application Orchestration,,,
,,,,,,,,,,,"• Security, device orchestration, and scalability testing still at an early stage.","Application deployment, configuration and monitoring will be performed by the Industrial Edge platform.  Support container orchestration viz. Dockers/Kubernetes for consistent runtime environments for the AI or other applications at Edge.",,,
,,,,,,,,,,,• Data quality and reliability validation pending real sensor data ingestion from field assets.,Data Model & Local Processing,,,
,,,,,,,,,,,• Lack of IT/OT orchestration workflows (closed-loop control or federated data sharing not yet realized).,"Defines a standardized data model managed from the cloud, enabling distributed edge nodes to ingest, transform, and pre-process data locally.",,,
,,,,,,,,,,,Relevance to the Organization,"The platform orchestrates data filtering, aggregation, and buffering policies at the edge to minimize bandwidth use and latency. It also facilitates real time insights and edge computing autonomous operaiotns, ensuring continuity of operations even under intermittent connectivity",,,
,,,,,,,,,,,"• Establishes the foundation for future edge-driven digital operations, serving as the bridge between sensors, gateways, and AI platform.",Federated & Multi-Site Coordination,,,
,,,,,,,,,,,"• Enables rapid prototyping and evaluation of edge connectivity, management, and observability before field-scale rollout.","Connects and manages multiple edge sites through a central orchestration layer, enabling distributed analytics, configuration consistency, and model collaboration.",,,
,,,,,,,,,,,"• Positions the organization to evolve toward higher TRLs (6–8) by integrating real time data processing, edge AI analytics, and control logic, leading to autonomous and resilient edge ecosystems.","Supports federated learning and policy synchronization, allowing each site to learn locally while contributing to enterprise-level model improvement without sharing raw data.                                                                                   ",,,
,,,,,,,,,,,"• In the longer terms, further maturity will support our transition efforts towards autonomous and self-optimizing assets through edge computing ecosystems integrated with the assets. Each edge computing system consists of AI models and control logics to collaborate and aggregated insights with other edge computing systems across the assets. Continuous collaboration will result in adaptive learnings for continuous improvement of the assets operations. The Industrial edge platform will provide the bridge to accomplish autonomous operations and self-optimization:",,,,
88,Edge Computing,Edge AI,Edge AI - Local Inference and Analytics,"Deployement of Edge optimized AI models on the constrained devices (low compute, memory and power), Using lightweight runtimes, frameworks and compilers such as Tflite, Pytorch Mobile, TVM Compilers and format conversion","8 - Actual system completed and qualified through test and demonstration – Technology is proven to work in its final form and under expected conditions. (Business go-live, IDT Portfolio Managed)",7 average,"Edge AI is a technologically mature and widely adopted capability, particularly in industrial and embedded domains. Camera and manufacturing system OEMs have successfully deployed AI inference models at the edge for real-time defect detection, quality inspection, and process optimization.",4 - Component and/or breadboard validation in laboratory environment – Basic technological components are integrated and tested in a lab.  (Proof of Concept with sample data),"Within Shell, Edge AI adoption remains limited, with most AI inference, model execution, and prediction workloads still dependent on centralized cloud computing infrastructure.",Yes,Current State of the Technology,QGC Remote Upstream Wellsites Monitoring,,,Ride the wave
,,,,,,6–7 (pilot),"The open-source ecosystem provides robust support through AI model optimization toolchains, including format converters (ONNX, TFLite), AI compilers and runtimes (TensorRT, OpenVINO, TVM), enabling deployment on resource-constrained edge compute systems.",,"Currently, edge computing systems primarily function as data gateways, responsible for sensor data acquisition using different communication protocols, hosting of OPCUA server on the edge computing system to provide a uniform data model, in addition could be used as the standardized interface between heterogenous OT devices and secure transmission of aggregated data streams to the cloud for further processing.",,"Within the organization, Edge AI adoption is at an early stage, with most AI inference, model execution, and prediction workloads still dependent on centralized cloud computing infrastructure.","A potential Edge AI use case involves analyzing real-time HPU, pump, and visual sensor data at QGC wellsites to support localized optimization of gas production and safety.",,,
,,,,,,"7–8 (predictive maintenance AI, In Manufacturing - Defect detection)","Simultaneously, hardware vendors have commercialized AI-accelerated edge platforms equipped with GPUs, CPUs, NPUs, and IPUs, providing dedicated inference acceleration and optimized power-performance balance.",,"These edge gateways perform minimal local computation, mainly handling data buffering, and connectivity management, rather than executing machine learning models or real-time analytics.",,"Existing Edge computing systems are primarily used as data gateways, handling sensor data acquisition, protocol translation, and data standardization through OPC UA servers hosted on the edge devices. These servers provide a uniform data model and secure data model but lack integrated AI runtime, model management or edge inference capabilities",The system could autonomously adjust HPU output or pump speed to maintain optimal flow and efficiency.,,,
,,,,,,,,,"As a result, the computational and AI inference capabilities of the deployed edge hardware remain underutilized, and latency-sensitive or offline AI use cases (e.g., real-time anomaly detection, local image classification, or control optimization) are not yet realized.",,Capabilities,"Using machine vision models, it may monitor oil levels in the HPU sight glass and detect spills or leaks, providing instant alerts to remote operators.",,,
,,,,,,,,,"To advance toward true Edge AI enablement (TRL 6–8), integration of optimized AI runtimes, model deployment pipelines, and inference orchestration on these gateways will be required, along with a governance framework for distributed model lifecycle management.",,"• Multi-protocol data acquisition: Supports Modbus, OPC UA, MQTT, and other industrial protocols for seamless OT connectivity.","Such an approach would enable faster decision-making, improved reliability, and reduced dependence on cloud-based monitoring in remote operations.",,,
,,,,,,,,,,,"• Edge compute: Edge nodes can host containerization workloads, enabling future deployment of AI inference services",HSSE – Real-Time Safety Monitoring,,,
,,,,,,,,,,,"• Secure communication: Ensures encrypted and authenticated data exchange between sensors, edge gateways and cloud environments.","At remote or hazardous locations, Edge AI enhances safety by providing instant PPE compliance checks, gas leak and fire detection, and operator fatigue monitoring. Running these models locally ensures immediate alerts and automated safety actions even without reliable connectivity.",,,
,,,,,,,,,,,Limitations,Direct Air Capture,,,
,,,,,,,,,,,• AI models and inference workloads are not currently deployed at the edge primarily because the operational need for on-premises inference has been limited,"A potential Edge AI use case in Direct Air Capture (DAC) involves locally monitoring and optimizing the CO₂ capture process by analyzing airflow, temperature, humidity, and sorbent condition data.",,,
,,,,,,,,,,,"• Model lifecycle gaps: lack of standardized tooling for model versioning, deployment and monitoring at the edge","Edge models can dynamically adjust fan speeds, heat exchanger loads, and regeneration cycles for energy-efficient operation.",,,
,,,,,,,,,,,•Progressively development of the foundational capabilities is required for deploying AI models on edge computing systems,"They also enable closed-loop control of pumps and valves, perform predictive maintenance, and correlate environmental data to improve absorption efficiency.",,,
,,,,,,,,,,,Relevance to the Organization,"This localized intelligence allows DAC units to operate autonomously and efficiently, even in remote locations with limited cloud connectivity.",,,
,,,,,,,,,,,• The existing edge infrastructure forms a critical foundational layer for the Shell's digital and AI transformation journey.,Marine and Offshore Operations:,,,
,,,,,,,,,,,"• It provides secure, standardized, and real-time data flow from field assets to enterprise systems, enabling data-driven decision-making.","Edge AI supports vessel safety, navigation, and equipment health monitoring, performing onboard analysis of radar, engine, and camera data. It allows real-time decision-making in offshore environments with limited bandwidth.",,,
,,,,,,,,,,,"• As AI adoption expands, these edge systems will serve as the execution layer for localized inference and analytics, supporting low-latency, bandwidth-efficient, and autonomous operations in oil & gas environments.",Federated Learning on Edge,,,
,,,,,,,,,,,"• Advancing this capability toward Edge AI enablement (TRL 6–8) will significantly enhance operational efficiency, resilience, and scalability across upstream, midstream, and downstream assets.",A potential Federated Learning on Edge use case involves collaboratively training AI models across multiple distributed edge nodes without sharing raw data.,,,
,,,,,,,,,,,,"Each edge device trains locally on site-specific data (e.g., equipment performance, environmental conditions) and shares only model updates with a central aggregator.",,,
,,,,,,,,,,,,"This approach preserves data privacy and bandwidth, while enabling a global model that adapts to diverse field conditions across wells, terminals, or marine assets.Federated Learning thus supports context-aware, continuously improving AI models for remote and sensitive Shell oil & gas operations like Qatar, Brunei, QGC etc.",,,
173,Edge Computing,Edge AI ,"Edge AI - Federated Learining, Distributed Training, Model Aggregation","Edge computing based Federated Learning allowing the distributed assets on which the models are train to aggregate and create a new model comprised of the learnings from different independent models of the equipment, without sharing the data pertaining to the equipments",6 - System/subsystem model or prototype demonstration in relevant environment – Prototype system is tested in a relevant (but not fully operational) setting. (Proof of Concept with a business customer),6 - Pilot ,"The technology is proven only in healthcare and telecom sector and is not introduced or explored in other industries, including oil and gas",2 - Technology concept and/or application formulated – Practical applications are proposed based on observed principles. (Hypothesis and technology proposal),"Within Shell, Federated Learning remains at a conceptual stage, the technology and architecture are understood, but no pilots or prototypes have yet been initiated. Its adoption would represent a disruptive shift from centralized cloud-based model training ecosystem to a distributed, privacy-preserving, and bandwidth-efficient paradigm. Key reasons for its low maturity within Shell include lack of existing frameworks, orchestration capabilities, and cross-domain AI data standardization.",Yes,,Federated Learning on Edge,,,Ride the wave
,,,,,,,,,,,,A potential Federated Learning on Edge use case involves collaboratively training AI models across multiple distributed edge nodes without sharing raw data.,,,
,,,,,,,,,,,,"Each edge device trains locally on site-specific data (e.g., equipment performance, environmental conditions) and shares only model updates with a central aggregator.",,,
,,,,,,,,,,,,"This approach preserves data privacy and bandwidth, while enabling a global model that adapts to diverse field conditions across wells, terminals, or marine assets.Federated Learning thus supports context-aware, continuously improving AI models for remote and sensitive Shell oil & gas operations like Qatar, Brunei, QGC etc.",,,
175,Edge Computing,Edge Applications,"Deployment, execution, and lifecycle management of containerized applications and microservices on distributed edge nodes.","Edge Applications enable localized processing and control by running containerized workloads directly on edge devices. They handle data filtering, analytics, and automation tasks close to industrial assets, ensuring low latency and reliable operation even in low-connectivity environments. Managed through edge platforms like Azure IoT Edge, Zededa, or EdgeX Foundry, they support scalable deployment, real-time updates, and orchestration of multiple edge services across sites.","8 - Actual system completed and qualified through test and demonstration – Technology is proven to work in its final form and under expected conditions. (Business go-live, IDT Portfolio Managed)",7-8 (average 7),"Containerized edge applications are commercially mature and operationally validated across industrial deployments. Platforms like Azure IoT Edge, Zededa Edge Orchestrator, Aveva, RTDIP and EdgeX Foundry enable scalable deployment and lifecycle management of applications across distributed edge nodes. The technology is proven in production environments for data filtering, analytics, and workflow automation",6 - System/subsystem model or prototype demonstration in relevant environment – Prototype system is tested in a relevant (but not fully operational) setting. (Proof of Concept with a business customer),"As part of several project activities Zededa Edge orchestration, along with IoTech Edge application management is tested with business customer, while large scale multi site application orchestration, application management and monitoring centrally and providing the integrated view of the deployed applications across multiple Shell asset sites",Yes,Current State of the Technology,"-Local historian for the assets with functionalities like calculation, visualization",,,Ride the wave
,,,,,,,,,,,-Edge computing as a technology is considered TRL 8 — mature and commercially deployed across multiple industries.,-Data quality and data compression apps on the edge,,,
,,,,,,,,,,,-Edge applications themselves can vary:,"- Industrial - Predictive Maintenance, Anomaly detection, energy optimization, flaring leak detection etc",,,
,,,,,,,,,,,   - Generic data acquisition or filtering apps: TRL 9 (fully mature),- Manufacturing - Quality inspection (machine vision),,,
,,,,,,,,,,,"   -AI-driven edge inference (e.g., predictive models, computer vision): TRL 7–8 (industrial pilots to large-scale     rollouts)",,,,
,,,,,,,,,,,"    - Autonomous control decision-making edge apps: TRL 6–7 (still evolving, domain-specific)",,,,
,,,,,,,,,,,Limitations,,,,
,,,,,,,,,,,"• Management - Difficult to deploy, monitor, and update hundreds of distributed edge nodes.",,,,
,,,,,,,,,,,• Security risks - Physical access and network exposure at remote locations,,,,
,,,,,,,,,,,"• Skill Gap - Requires cross-domain expertise (IT, OT, AI, cybersecurity)",,,,
,,,,,,,,,,,,,,,
,,,,,,,,,,,Relevance to the Organization,,,,
,,,,,,,,,,,• Enables real-time decision-making without cloud dependency.,,,,
,,,,,,,,,,,• Improves data privacy and security (data stays local),,,,
,,,,,,,,,,,• Reduces network and cloud costs,,,,
,,,,,,,,,,,•      Forms a key pillar in IT/OT convergence strategies,,,,
89,Edge Computing,Real-Time IT/OT Converged Platforms,IT-OT Convergence,"Unified platforms that bridge IT systems (analytics, cloud) with OT systems (sensors, PLCs) at the edge. Enables secure, scalable, and interoperable operations.",9 - Actual system proven through successful mission operations – Technology is fully deployed and operational in its intended environment. (Scaled & deployed),8,"IT/OT convergence is assigned TRL 9 because it is a proven, qualified, and widely deployed industrial capability that operates reliably under real-world conditions, supported by mature standards, cybersecurity frameworks, and enterprise adoption.",5 - Component and/or breadboard validation in relevant environment – More advanced testing in environments that simulate real-world conditions. (Proof of Concept with synthetic data),"Shell’s vision and ambition to IT/OT Convergence varies depending on its Assets: For Greenfield Asset implementations it can stretch to industrial autonomy, while for Brownfield Assets it might need to be limited to semi-automated processes due to costs to convert to fully autonomous and the phase of the Asset lifecycle. Shell has global standards implemented for the technologies like OPC UA, Modbus TCP which is also deployed on large scale deployments but there are gaps from the workprocess integration, full automation of data governance and OT interpoperability",Yes,Current State of the Technology,- Unified dashboards for upstream operations,,,Ride the wave
,,,,,,,"However, it has not yet reached full autonomy, cross-industry standardization, workflow integrations or AI-native integration",,,,"IT OT convergence is happening from decades and it is one of the important topic for interoperability and readiness towards autonomous operations, which translates to the close integration of machine centric environment which is OT with the data centric IT envronment to enable perforamnce optimization and reduce operational costs.",Secure remote control of drilling equipment,,,
,,,,,,,,,,,Capabilities,Real-time asset tracking and diagnostics,,,
,,,,,,,,,,,"• Multi-protocol data acquisition: Supports Modbus, OPC UA, MQTT, and other industrial protocols for seamless OT connectivity.",- Accessing OT data to generate insights for predictive maintenance optimisation,,,
,,,,,,,,,,,"• Edge compute: Edge nodes can host containerization workloads, enabling future deployment of AI inference services",- Delivering remote and autonomous operations,,,
,,,,,,,,,,,"• Secure communication: Ensures encrypted and authenticated data exchange between sensors, edge gateways and cloud environments.","- Enabling Asset diagnostics, remote equipment performance monitoring and self-healing capabilities",,,
,,,,,,,,,,,Limitations,,,,
,,,,,,,,,,,• Traditional way of implemention limits the embracement of evolving technology landscape,,,,
,,,,,,,,,,,• Business back demand limitation - QGC and Prelude have shown interest but priority is limiting the discussion and implementation plan,,,,
,,,,,,,,,,,Relevance to the Organization,,,,
,,,,,,,,,,,"• It provides secure, standardized, and real-time data flow from field assets to enterprise systems, enabling data-driven decision-making.",,,,
,,,,,,,,,,,"• Seamless IT/OT convergence enables real-time monitoring, faster decision-making, and remote operations",,,,
,,,,,,,,,,,"• Integrated IT/OT data allows more accurate performance tracking, energy efficiency monitoring, and anomaly detection",,,,
,,,,,,,,,,,"• Once IT/OT integration reaches TRL 8, organizations can focus on higher-value innovation — such as AI analytics, digital twin modeling, and workflow automation — instead of basic connectivity challenges",,,,
90,Edge Computing,Smart Sensing with Edge Processing,Real-Time Sensing,Sensors with embedded processors that analyze data locally. Enables faster response and reduces bandwidth usage.,9 - Actual system proven through successful mission operations – Technology is fully deployed and operational in its intended environment. (Scaled & deployed),9,"Examples are there from vendors like Aystoms where they have embeded AI in the vibration sersor and alers can get generated from the device itslef, but at the same time this could be very useful for brown fleild plants where we need to digitalize the assets so there is a scope for investment in this area for the research on what is available and how Shell can utlize it ",6 - System/subsystem model or prototype demonstration in relevant environment – Prototype system is tested in a relevant (but not fully operational) setting. (Proof of Concept with a business customer),"These kind of sensors are already deployed for sites like. QGC for vibration monitoring, but there is not a wide adaption yet in shell for these",Yes,Current State of the Technology,Smart pressure gauges with onboard analytics,,,Already Mature
,,,,,,,,,,,- There is lot of offering in the market depending on the use case, Leak detection in pipelines using edge-filtered DAS,,,
,,,,,,,,,,,"- Smart sesing applications themselves can vary, like vibration sensing and vale positioning sensor both are very different", Environmental sensors triggering local alerts,,,
,,,,,,,,,,,Limitations,,,,
,,,,,,,,,,,"• Management - easy to deploy, monitor and depends on the site brown/green field",,,,
,,,,,,,,,,,• Security risks - Physical access and network exposure at remote locations,,,,
,,,,,,,,,,,"• Skill Gap - Requires cross-domain expertise (IT, OT, AI, cybersecurity)",,,,
,,,,,,,,,,,,,,,
,,,,,,,,,,,Relevance to the Organization,,,,
,,,,,,,,,,,• Enables real-time decision-making without cloud dependency.,,,,
,,,,,,,,,,,• Improves data privacy and security (data stays local),,,,
,,,,,,,,,,,• Reduces network and cloud costs,,,,
,,,,,,,,,,,•      Forms a key pillar in IT/OT convergence strategies,,,,
91,Edge Computing,Edge Data  & Connectivity,"Data Ingestion, Edge Connectivity & Networking ","The Edge data & connectivity layer forms the backbone of industrial data movement across Shell assset, enabling reliable, low latency communication between sensor, edge gateways/computing units and cloud computing system, edge data ingestion capabilities consists of filtering, normalize, compression, conversion of the data streams from OT systems using protocols such as OPCUA, Modbus, MQTT etc. Edge compuing connectivity and networking technologies from LoRaWAN, ethernet radios, 5G/6G, Low orbit satellites ensure resilient, secure communication even in the remote and bandwidth constrained environment viz. QGC Upstream wellsites.",9 - Actual system proven through successful mission operations – Technology is fully deployed and operational in its intended environment. (Scaled & deployed),9 average,"The edge data & connectivity layer is at 8-9 TRL level because the underlying technologies such as the industrial data ingestion framework like OPCUA, MQTT, and robust edge connectivity solutions like LoRaWAN, 5G, low orbit satellites are commercially mature and widely deployed technologies in oil and gas operations. These solution have been proven at scale in production environments.","8 - Actual system completed and qualified through test and demonstration – Technology is proven to work in its final form and under expected conditions. (Business go-live, IDT Portfolio Managed)","Within Shell, Edge data and connectivity has reached the industrial TRL level as the technology is already being operationalize and deployed across multiple oil and gas faciltiies. The core data ingestion components like OPCUA, Modbus, MQTT and network communication solution like LoRaWAN, low orbit satellites are used in production for monitoring our Shell assets. Also at different assets the integration with the historian system, cloud computing environment and edge computing system are demonstrated. Global level implementation, along with the incremental optimization and scaling efforts are still work in progress ",Yes,Current State of the Technology,Asset Data Integration and Future Focus,,,Ride the wave
,,,,,,8–9,,,,,"Within the organization, the Edge Data & Connectivity layer is well-established and forms the backbone of industrial data movement across Shell assets. It enables reliable, low-latency communication between sensors, edge gateways, and cloud systems, ensuring continuous data availability from the field. The platform supports multi-protocol data ingestion from OT systems using OPC UA, Modbus, and MQTT, providing cloud based filtering, normalization, compression, and conversion of high-volume sensor streams. Connectivity technologies—such as LoRaWAN are tested in the asset production environment, while communication  technologies like 5G, and low-orbit satellite links are tested enable resilient and secure communication even in remote and bandwidth constrained environments like QGC upstream wellsites, DAC site etc.","Present Capabilities (SSIP, SDU etc.)",,,
,,,,,,,,,,,Capabilities,"• Established Data Integration: Asset data from diverse sensors, control systems (PLCs, DCS, SCADA), and PI historians is already being ingested into the Shell cloud environment through standardized, secure data pipelines.",,,
,,,,,,,,,,,"• Multi-protocol data integration: Mature ingestion and translation from industrial protocols (OPC UA, Modbus, MQTT) ensuring interoperability between OT and IT systems.","• Edge Connectivity Foundation: Reliable edge-to-cloud data transmission is in place via OPC UA, MQTT, and Modbus protocols, enabling multi-protocol integration and standardized data exchange.",,,
,,,,,,,,,,,"• Edge-level pre-processing: High-volume sensor data is filtered, normalized, and compressed locally, improving bandwidth efficiency and data quality.","• Centralized Visibility: High-frequency, high-fidelity data from different Shell assets is accessible for enterprise dashboards, analytics, and monitoring.",,,
,,,,,,,,,,,"• Resilient connectivity: Proven deployment of LoRaWAN, 5G, and low orbit satellite links providing robust data transport in geographically dispersed fields.",Future Opportunities,,,
,,,,,,,,,,,"• Secure communication: End-to-end encryption and authentication for data movement between sensors, edge gateways, and cloud environments.","• Data Governance & Security: Existing frameworks ensure authenticated and encrypted data flow across IT and OT boundaries, supporting compliance and operational reliability.",,,
,,,,,,,,,,,• Unified data modeling: Standardized data structures enable integration with enterprise historians and analytics platforms.,"• Unified Namespace (UNS): Implement a real-time, hierarchical data system to unify asset data across distributed sites, creating a single point of contextualized truth accessible to IT, OT, and AI systems.",,,
,,,,,,,,,,,Limitations,"• Semantic Integration: Extend the UNS with semantic data models to introduce contextual meaning, enabling machine readable interoperability and automation.",,,
,,,,,,,,,,,• Limited semantic integration: Contextual data modeling and unified namespace adoption are still in experimental phase,"• Edge-to-Enterprise Data Fabric: Develop an intelligent data mesh that connects edge nodes, enterprise systems, and cloud analytics through standardized, self-describing data layers.",,,
,,,,,,,,,,,"• Connectivity variance: Network reliability can fluctuate in remote upstream environments, impacting real-time data flow.","• Cross-Domain Analytics Enablement: Enable seamless linking of process, maintenance, and business data to support digital twins, federated analytical systems, and autonomous optimization use cases.",,,
,,,,,,,,,,,"• Data governance maturity: While secure, policies for data residency, ownership, and lifecycle management are still evolving.",QGC Remote Upstream Wellsite Data Connectivity,,,
,,,,,,,,,,,,"At QGC’s remote upstream wellsites, the Edge Data & Connectivity layer enables reliable, low-latency data exchange between HPUs, pumps, visual sensors, and control systems.",,,
,,,,,,,,,,,Relevance to the Organization,"Edge gateways ingest, filter, and normalize high-frequency telemetry from pressure, vibration, and flow sensors using MQTT protocols before transmitting it securely to the central monitoring platform.",,,
,,,,,,,,,,,"The Edge data & connectivity layer forms the backbone of industrial data movement across Shell assset. It enables standardized, secure, and continuous data flow across wells, terminals, and refineries, directly supporting analytics, optimization, and autonomous control initiatives. Its established presence across assets positions it at Industrial TRL 8–9, reflecting proven operational reliability and large-scale deployment. Ongoing enhancements in semantic integration is the key to advanced data contextualization, Unified namespace will provide a centralized, real time hierarchical data model across Shell assets, equipments etc. spreading across OT and IT layers, data governance, and adaptive networking will further strengthen its role as the digital backbone for future Edge AI, Digital Twin, and Federated Learning implementations across Shell’s value chain.","LoRaWAN, NBIOT, Ethernet Radios and Low orbit satellites to maintain consistent data flow even under intermittent connectivity, while local buffering ensures no data loss.",,,
,,,,,,,,,,,,"This setup provides a resilient communication backbone for production optimization, operational safety, and real-time visualization without dependence on continuous cloud connectivity.",,,
,,,,,,,,,,,,HSSE – Real-Time Safety Data Fabric,,,
,,,,,,,,,,,,The Edge Data & Connectivity layer forms the real-time data fabric for HSSE systems in remote or hazardous sites.,,,
,,,,,,,,,,,,"It integrates data streams from gas detectors, thermal cameras, PPE sensors, and fire detection units through standardized edge interfaces.",,,
,,,,,,,,,,,,"Using secure, low-latency protocols, the system aggregates and transmits safety telemetry to local and central dashboards, ensuring immediate event propagation and auditability.",,,
,,,,,,,,,,,,"Even during network disruptions, edge-level caching and redundancy ensure safety-critical data is preserved and transmitted once links are restored, improving responsiveness and compliance tracking.",,,
,,,,,,,,,,,,Direct Air Capture (DAC) Process Connectivity,,,
,,,,,,,,,,,,"In Direct Air Capture units, Edge Data & Connectivity supports continuous, high-resolution data collection from different sensors.",,,
,,,,,,,,,,,,Edge devices standardize and synchronize these data streams using industrial protocols for integration into local control systems and enterprise analytics.,,,
,,,,,,,,,,,,"By applying data filtering, compression, and buffering, the platform ensures bandwidth-efficient, lossless data transmission to cloud systems.",,,
,,,,,,,,,,,,"Resilient Ethernet links connect DAC units to supervisory control centers, enabling stable monitoring and optimization of CO₂ capture operations",,,
,,,,,,,,,,,,Marine and Offshore Operations Connectivity,,,
,,,,,,,,,,,,"For offshore vessels and marine assets, the Edge Data & Connectivity layer ensures secure and continuous telemetry exchange between navigation, radar, and engine health monitoring systems.",,,
,,,,,,,,,,,,Edge gateways onboard ships aggregate and compress data streams from multiple subsystems and synchronize them through satellite and 5G maritime networks.,,,
,,,,,,,,,,,,"This multi-network strategy provides redundant connectivity, enabling operators to maintain situational awareness and equipment diagnostics in bandwidth-limited environments.",,,
92,Edge Computing,Edge-Orchestrated Workflows,Real-Time IT/OT Platform,"Containerized orchestration of industrial services at the edge. Supports modular deployment of analytics, control logic, and visualization tools.",6 - System/subsystem model or prototype demonstration in relevant environment – Prototype system is tested in a relevant (but not fully operational) setting. (Proof of Concept with a business customer),6,,5 - Component and/or breadboard validation in relevant environment – More advanced testing in environments that simulate real-world conditions. (Proof of Concept with synthetic data),????,Yes,,Deploying AI models via Kubernetes on edge gateways,,,
,,,,,,,,,,,, Real-time scheduling of maintenance tasks,,,
,,,,,,,,,,,,Dynamic load balancing across edge nodes,,,
93,Edge Computing,Edge Security & Data Sovereignty,Cybersecurity / Governance,"Ensures secure data handling, access control, and compliance at the edge. Supports sovereignty by keeping sensitive data local.",9 - Actual system proven through successful mission operations – Technology is fully deployed and operational in its intended environment. (Scaled & deployed),8,"Industry makes use of TPM chips for  pyhysical security , we have full disk encryption, certificates attestations, network encryption, out of bound security control, this is all widely available in use thtough the dektop environment which is replciable to edge environment",5 - Component and/or breadboard validation in relevant environment – More advanced testing in environments that simulate real-world conditions. (Proof of Concept with synthetic data),"Shell does not have a wider edge implementation on the opeational level hence this technology needs to be properly implemented with testeing , standards and service creations",Yes,Current State of the Technology,Secure edge data vaults for operational logs,,,
,,,,,,,,,,,- There is lot of offering in the market depending on the use case,Role-based access control for edge analytics,,,
,,,,,,,,,,,- Most devices comes with these cpabailites out of the box,Compliance with regional data regulations,,,
,,,,,,,,,,,Limitations,,,,
,,,,,,,,,,,• Security risks - Physical access and network exposure at remote locations,,,,
,,,,,,,,,,,• Enterprise IT readiness,,,,
,,,,,,,,,,,,,,,
,,,,,,,,,,,Relevance to the Organization,,,,
,,,,,,,,,,,• Secure edge deployments,,,,
,,,,,,,,,,,• Improves data privacy and security (data stays local),,,,
,,,,,,,,,,,•      Forms a key pillar in IT/OT convergence strategies,,,,
94,Edge Computing,Edge-Based Autonomous Operations,Autonomous Systems,Combines edge computing with AI and control systems to enable autonomous decision-making and operations in remote or hazardous environments.,6 - System/subsystem model or prototype demonstration in relevant environment – Prototype system is tested in a relevant (but not fully operational) setting. (Proof of Concept with a business customer),6 average,,4 - Component and/or breadboard validation in laboratory environment – Basic technological components are integrated and tested in a lab.  (Proof of Concept with sample data),??????,No,,Autonomous drilling control,,,
,,,,,,6–7,,,,,, Self-optimizing pump stations,,,
,,,,,,,,,,,,AI-driven emergency response systems,,,
95,Edge Computing,Edge-Enabled Digital Twins,Simulation / Optimization,"Real-time digital replicas of assets or processes running on edge infrastructure. Enables simulation, optimization, and predictive analytics locally.",6 - System/subsystem model or prototype demonstration in relevant environment – Prototype system is tested in a relevant (but not fully operational) setting. (Proof of Concept with a business customer),6 average,,4 - Component and/or breadboard validation in laboratory environment – Basic technological components are integrated and tested in a lab.  (Proof of Concept with sample data),??????,No,,Digital twin of a pipeline segment for stress analysis,,,
,,,,,,5–6 (general),,,,,,Offshore platform twin for production optimization,,,
,,,,,,7 (leading pilots),,,,,,Substation twin for real-time stability analysis,,,
,Edge Computing,Nex-Generartion edge,Data processing and AI,The next generation edge has various technologies  such as :,4 - Component and/or breadboard validation in laboratory environment – Basic technological components are integrated and tested in a lab.  (Proof of Concept with sample data),,,,,,,,,,
,,,,Neuromorphic computing chips,,,,,,,,,,,
,,,,Quantum edge computing (early stage),,,,,,,,,,,
,,,,WebAssembly (WASM) for edge,,,,,,,,,,,
,,,,Federated learning frameworks,,,,,,,,,,,
,,,,Edge-native databases,,,,,,,,,,,
,,,,Serverless edge computing platforms,,,,,,,,,,,
176,Edge Computing,Hardware Acceleration,Edge Compute Modules,"Resource-constrained edge devices with specialized accelerators (GPU, TPU, NPU, FPGA) for AI inference and processing. Enables local execution of compute-intensive workloads with optimized power and performance characteristics.","8 - Actual system completed and qualified through test and demonstration – Technology is proven to work in its final form and under expected conditions. (Business go-live, IDT Portfolio Managed)",7-8,"Commercial edge compute platforms with GPUs, TPUs, and NPUs are mature and deployed in industrial settings. Form factors range from industrial PCs to rugged embedded systems. NVIDIA Jetson, Intel NUC, and industrial compute modules proven at scale.",6 - System/subsystem model or prototype demonstration in relevant environment – Prototype system is tested in a relevant (but not fully operational) setting. (Proof of Concept with a business customer),"Shell uses commercial edge hardware from vendors like Dell, HP, and specialized edge vendors. Testing ongoing for energy-efficient compute options for remote deployments.",Yes,"**Current State**: Edge compute modules including NVIDIA Jetson, Intel NUC, and Raspberry Pi for various use cases. These devices provide compute capacity for local data processing, AI inference, and control logic.

**Limitations**: Power and thermal constraints in harsh environments. Cost vs performance tradeoffs. Hardware selection complexity for specific use cases.",Industrial edge gateways for data acquisition. AI inference on video streams. Predictive maintenance at wellheads. Computer vision for safety monitoring.,,,Ride the wave
177,Edge Computing,Edge Storage Systems,Data Storage & Management,"Local storage solutions for edge devices including SSDs, embedded databases, and buffering capabilities. Provides data persistence, caching, and resilience during network disruptions. Supports time-series data, key-value stores, and structured databases optimized for edge constraints.",9 - Actual system proven through successful mission operations – Technology is fully deployed and operational in its intended environment. (Scaled & deployed),8-9,"Industrial-grade flash storage and embedded databases proven at industrial scale. Solutions handle power loss and extreme temperatures. Technologies like SQLite, InfluxDB, TimescaleDB, and industrial SSDs are mature and widely deployed.","8 - Actual system completed and qualified through test and demonstration – Technology is proven to work in its final form and under expected conditions. (Business go-live, IDT Portfolio Managed)","Shell deploys rugged storage solutions for edge computing. Solutions include SQLite, InfluxDB, and specialized industrial storage for harsh environments.",Yes,"**Current State**: SSDs, SD cards, and embedded databases for local data persistence. Time-series databases like InfluxDB run on edge nodes for buffering. Industrial-grade storage solutions deployed in field locations.

**Capabilities**: Data buffering during connectivity loss. Local time-series storage. Fast read/write for real-time applications.

**Limitations**: Limited capacity vs cloud. Data synchronization challenges. Wear leveling in harsh environments. Backup and recovery complexity.",Local time-series databases for sensor data. Edge data buffering during connectivity loss. Video storage for computer vision. Configuration and model storage at edge.,,,Already Mature
178,Edge Computing,Model Optimization,AI/ML Model Optimization,"Tools and frameworks for compressing and optimizing AI models for edge deployment. Includes quantization (reducing precision), pruning (removing weights), distillation (creating smaller models), and compilation for specific hardware. Enables deployment of large models on resource-constrained devices.",7 - Pre-Production Demonstration – System prototype demonstration in operational environment,6-7,"Model optimization tools like TensorRT, ONNX Runtime, and TensorFlow Lite are available and widely used. However, domain-specific optimization workflows and automated pipelines still evolving. Tools mature but integration into production workflows varies by use case.",5 - Component and/or breadboard validation in relevant environment – More advanced testing in environments that simulate real-world conditions. (Proof of Concept with synthetic data),"Shell is experimenting with model optimization for deployment to resource-constrained edge devices. Toolchain integration needed for production workflows. Testing with TensorRT, ONNX, and TensorFlow Lite.",Yes,"**Current State**: Model compression and quantization frameworks are available but deployment workflows still maturing. Tools include TensorRT, ONNX, and TensorFlow Lite. Testing ongoing for various use cases.

**Capabilities**: Reduce model size 4-10x. Faster inference on edge hardware. Lower bandwidth for model updates.

**Limitations**: Accuracy loss from quantization. Complexity of optimization pipeline. Hardware-specific optimization requirements. Testing and validation overhead.",Deploying optimized models to edge devices. Reducing inference latency for real-time applications. Lower bandwidth requirements for model distribution. Enabling AI on resource-constrained hardware.,,,Ride the wave
179,Edge Computing,Edge Mesh Networking,Networking & Communication,"Decentralized networking where edge nodes communicate directly without central orchestration. Enables self-healing networks, multi-hop communication, and resilient connectivity. Protocols include LoRa mesh, Zigbee, Thread, and proprietary industrial mesh solutions.",6 - System/subsystem model or prototype demonstration in relevant environment – Prototype system is tested in a relevant (but not fully operational) setting. (Proof of Concept with a business customer),5-6,"Mesh networking protocols are mature (Zigbee, Thread, LoRa mesh) but industrial deployments at scale remain limited. Technology proven in building automation and consumer IoT, but oil & gas specific use cases still emerging.",5 - Component and/or breadboard validation in relevant environment – More advanced testing in environments that simulate real-world conditions. (Proof of Concept with synthetic data),Shell has limited deployment of mesh networking. Pilot projects exploring use cases for remote asset connectivity. Testing LoRa mesh and Zigbee in lab environments.,No,"**Current State**: Mesh protocols like LoRa mesh and Zigbee tested in lab environments. Limited field deployment. Pilot projects exploring use cases.

**Capabilities**: Self-healing networks. Multi-hop communication. Resilient connectivity without infrastructure.

**Limitations**: Complexity of management. Security concerns with distributed architecture. Range and reliability issues. Power consumption for battery-operated nodes.",Multi-site coordination without infrastructure. Resilient field communications. Self-healing networks for remote locations. Sensor networks across distributed assets.,,,Research
180,Edge Computing,Edge Analytics,Real-Time Analytics,"Stream processing and analytics engines running on edge infrastructure for low-latency insights from sensor data. Includes complex event processing, statistical analysis, anomaly detection, and KPI calculation at the edge. Technologies include Apache Kafka, Spark Streaming, Flink, and custom analytics engines.","8 - Actual system completed and qualified through test and demonstration – Technology is proven to work in its final form and under expected conditions. (Business go-live, IDT Portfolio Managed)",7-8,"Stream analytics engines proven in production. Tools like Apache Flink, Kafka Streams, and Spark Streaming widely adopted for edge analytics. Industrial implementations for predictive maintenance and process optimization mature.",7 - Pre-Production Demonstration – System prototype demonstration in operational environment,"Shell deploys edge analytics for real-time anomaly detection, condition monitoring, and KPI calculation. Use cases include predictive maintenance and process optimization. Production deployments expanding.",Yes,"**Current State**: Apache Kafka, Spark Streaming, and custom analytics running on edge gateways. Use cases include predictive maintenance and process optimization.

**Capabilities**: Real-time anomaly detection. Complex event processing. Statistical analysis at edge. Low-latency insights.

**Limitations**: Resource constraints on edge. Complex analytics limited by compute. Model drift management. Debugging distributed analytics.",Vibration analysis at compressors. Flow rate monitoring and optimization. Real-time emissions monitoring. Predictive maintenance alerts. Process optimization at edge.,,,Ride the wave
181,Edge Computing,Power Management,Energy & Power Systems,"Power solutions for edge devices including battery systems, solar power, energy harvesting, and power optimization. Enables autonomous operation in remote locations. Includes intelligent power management, sleep modes, and energy-efficient compute scheduling.","8 - Actual system completed and qualified through test and demonstration – Technology is proven to work in its final form and under expected conditions. (Business go-live, IDT Portfolio Managed)",7-8,Battery and solar power systems for edge computing are mature and commercially available. Industrial power solutions proven for remote deployments. Energy harvesting and advanced power management still evolving.,7 - Pre-Production Demonstration – System prototype demonstration in operational environment,Shell uses battery and solar power for remote edge deployments. Power management critical for wellsite monitoring and remote sensors. Testing advanced power optimization techniques.,Yes,"**Current State**: Battery and solar power deployed for remote edge devices. Power optimization for extended operation. Industrial UPS systems for critical edge gateways.

**Capabilities**: Autonomous operation for months. Solar and battery combinations. Intelligent power scheduling.

**Limitations**: Battery capacity constraints. Environmental impact on solar. Maintenance requirements. Cost of power systems.",Remote sensor networks powered by solar. Battery-powered wellsite monitoring. Energy-efficient edge gateways. Power management for autonomous systems.,,,Ride the wave
182,Edge Computing,Edge Databases,Data Management,"Specialized databases optimized for edge environments including time-series databases, key-value stores, and embedded relational databases. Support local data persistence, querying, and synchronization with central systems. Examples: SQLite, InfluxDB, TimescaleDB, LevelDB.",9 - Actual system proven through successful mission operations – Technology is fully deployed and operational in its intended environment. (Scaled & deployed),8-9,Embedded databases like SQLite and time-series databases like InfluxDB are mature and proven at industrial scale. Widely deployed for edge data management across industries.,"8 - Actual system completed and qualified through test and demonstration – Technology is proven to work in its final form and under expected conditions. (Business go-live, IDT Portfolio Managed)","Shell uses SQLite, InfluxDB, and other embedded databases at edge for local data storage, caching, and buffering. Production deployments across multiple assets.",Yes,"**Current State**: SQLite and InfluxDB deployed on edge nodes for time-series data storage. Local querying and aggregation capabilities. Data synchronization with cloud systems.

**Capabilities**: Local data persistence. Fast time-series queries. Data buffering during outages.

**Limitations**: Storage capacity limits. Synchronization complexity. Query performance on resource-constrained devices.",Time-series sensor data storage. Local data buffering. Edge analytics data storage. Configuration and state management.,,,Already Mature
183,Edge Computing,Edge Video Analytics,AI/ML - Computer Vision,"Computer vision and video analytics running at the edge for real-time insights from camera feeds. Includes object detection, classification, tracking, OCR, and anomaly detection. Enables privacy-preserving video analysis by processing locally without sending raw video to cloud.","8 - Actual system completed and qualified through test and demonstration – Technology is proven to work in its final form and under expected conditions. (Business go-live, IDT Portfolio Managed)",7-8,"Edge video analytics proven in manufacturing (quality inspection), retail (people counting), and security (threat detection). Commercial solutions from vendors like NVIDIA, Intel, and specialized computer vision companies.",6 - System/subsystem model or prototype demonstration in relevant environment – Prototype system is tested in a relevant (but not fully operational) setting. (Proof of Concept with a business customer),"Shell is piloting edge video analytics for safety monitoring (PPE detection), equipment monitoring (gauge reading), and operational insights. Use cases expanding but not yet at production scale.",Yes,"**Current State**: Pilot deployments for PPE compliance monitoring, gauge reading automation, and safety zone monitoring. Testing NVIDIA Jetson and Intel-based solutions.

**Capabilities**: Real-time video analysis. Privacy-preserving (no raw video transmission). Local alerting.

**Limitations**: Compute requirements for video. Model accuracy in varying conditions. Network bandwidth for alerts. Camera placement and coverage.",PPE compliance monitoring. Automated gauge reading. Safety zone monitoring. Spill and leak detection. Vehicle and personnel tracking.,,,Ride the wave
184,Edge Computing,Edge Data Compression,Data Processing,"Data compression algorithms and techniques optimized for edge environments to reduce bandwidth usage and storage requirements. Includes lossless and lossy compression for time-series data, video, and telemetry. Real-time compression before transmission to cloud.",9 - Actual system proven through successful mission operations – Technology is fully deployed and operational in its intended environment. (Scaled & deployed),8-9,"Data compression techniques are mature and widely used in edge computing. Both standard algorithms (gzip, zstd) and domain-specific compression (time-series, video codecs) proven at scale.","8 - Actual system completed and qualified through test and demonstration – Technology is proven to work in its final form and under expected conditions. (Business go-live, IDT Portfolio Managed)",Shell uses data compression extensively at edge to reduce bandwidth costs and enable operation in low-bandwidth environments. Production deployments across assets.,Yes,"**Current State**: Data compression implemented on edge gateways for time-series data, logs, and other telemetry. Reduces bandwidth usage by 70-90% in many cases.

**Capabilities**: Real-time compression before transmission. Adaptive compression based on bandwidth. Domain-specific compression for time-series.

**Limitations**: CPU overhead for compression. Latency for real-time data. Quality loss with lossy compression.",Bandwidth reduction for remote sites. Enabling operation in low-bandwidth environments. Cost savings on data transmission. Storage optimization at edge.,,,Already Mature
185,Edge Computing,Edge MLOps,AI/ML Model Management,"MLOps practices and tools adapted for edge environments. Includes model versioning, deployment pipelines, A/B testing, monitoring, rollback capabilities, and automated retraining. Enables systematic management of AI models across distributed edge infrastructure.",6 - System/subsystem model or prototype demonstration in relevant environment – Prototype system is tested in a relevant (but not fully operational) setting. (Proof of Concept with a business customer),5-6,"Edge MLOps is an emerging field. Core MLOps tools exist but adaptation for edge constraints (bandwidth, compute, intermittent connectivity) still maturing. Some commercial platforms available but not widely deployed.",4 - Component and/or breadboard validation in laboratory environment – Basic technological components are integrated and tested in a lab. (Proof of Concept with sample data),Shell is exploring edge MLOps for managing AI models on distributed edge infrastructure. Tooling and processes still in early stages. Need for standardization and automation.,Yes,"**Current State**: Early exploration of edge MLOps practices. Testing model deployment and versioning approaches. Manual processes currently used for model updates.

**Capabilities**: Model versioning. Deployment tracking. Basic monitoring.

**Limitations**: Lack of standardized tooling. Complex deployment across distributed edge. Model drift detection. Automated retraining challenges. Rollback complexity.",Systematic model deployment to edge devices. Version control for distributed models. A/B testing at edge. Model performance monitoring. Automated model updates.,,,Research
